<?xml version="1.0" ?><annotation>
	<folder>ѹ��</folder>
	<filename>000157.jpg</filename>
	<path>D:/faster-rcnn-keras-master/VOCdevkit/VOC2007/JPEGImages/000157.jpg</path>
	<source>
		<database>Unknown</database>
	</source>
	<size>
		<width>2736</width>
		<height>3648</height>
		<depth>3</depth>
	</size>
	<segmented>0</segmented>
	<object>
		<name>2nd_Auricularia_auricula</name>
		<pose>Unspecified</pose>
		<truncated>0</truncated>
		<difficult>0</difficult>
		<bndbox>
			<xmin>1350</xmin>
			<ymin>1652</ymin>
			<xmax>1631</xmax>
			<ymax>2168</ymax>
		</bndbox>
	</object>
</annotation>